company,tech_stack,remote_type,salary_year_usd,visa_sponsorship,experience_level,job_role,company_industry,application_url,hn_id,timestamp,jobs
Small boutique consulting,['CloudSuite Distribution by Infor'],US_ONLY,,False,Mid,Backend,Consulting,ekib.eikooc@rofni.reverse(),46858748,1770053906,
FUTO,"['Python', 'Django', 'Node.js']",GLOBAL,,False,Senior,Backend,Crypto,,46857812,1770049313,
Apple,"['Python', 'Django']",ONSITE,,False,Senior,Backend,Fintech,https://jobs.apple.com/en-us/details/200626488-0836/senior-software-engineer-transparency-icloud?team=SFTWR,46857573,1770048356,
Fusionbox,"['Python', 'TypeScript', 'Django', 'React', 'PostgreSQL']",GLOBAL,,False,Mid,Backend,Software Engineering Consultancy,,46862707,1770070929,
Arizona Optical Metrology (AOM),"['Python', 'NumPy', 'SciPy', 'OpenCV', 'Rust', 'PySpin']",ONSITE,,False,Senior,Backend,Optical Metrology,,46858210,1770051344,
FreightRoll,"['Elixir', 'Erlang', 'Postgres', 'Python', 'React']",US_ONLY,162500.0,False,Senior,Backend,Logistics Technology,,46857717,1770048936,
Charted Sea,"['TypeScript', 'Rust', 'Go', 'PyTorch', 'PostgreSQL', 'Redis', 'GitHub Actions', 'Ansible', 'Ubuntu Linux']",GLOBAL,,False,Senior,Fullstack,SaaS,https://chartedsea.com/about,46857647,1770048620,
Monumental,"['Python', 'Django', 'Robotics']",ONSITE,,False,Senior,Backend,Robotics,https://www.monumental.co/,46857923,1770049782,
SPADE Agriculture,"['Python', 'Django', 'React', 'Node.js']",GLOBAL,,False,Mid,Backend,Fintech,https://www.spade.ag/careers,46977993,1770831181,
Areto Labs,"['Python', 'GCP', 'Docker', 'Kubernetes']",GLOBAL,,False,Senior,Backend,AI,https://www.aretolabs.com/careers,47006572,1771010296,
TextQL,"['Go', 'Haskell', 'TypeScript', 'DuckDB', 'Trino', 'PostgreSQL', 'Redis', 'Kubernetes', 'AWS']",ONSITE,200000.0,True,Senior,Backend,Fintech,mailto:gabriel@textql.com,46857555,1770048310,
Graphite,"['Python', 'Django']",GLOBAL,,False,Senior,Backend,SaaS,https://graphite.dev,46858205,1770051321,
Buildkite,"['JavaScript', 'CSS', 'HTML']",GLOBAL,,False,Senior,Frontend,SaaS,https://job-boards.greenhouse.io/buildkite/jobs/5103466008,47000819,1770975483,
Herdify,"['Python', 'Django', 'Automation']",HYBRID,,False,Mid,Backend,SaaS,https://herdify.jobs.personio.com/job/2526942,47004190,1770998369,
Artemis,"['Python', 'Node.js', 'Rust', 'React', 'TS', 'Kafka', 'ClickHouse', 'AWS']",GLOBAL,225000.0,False,Staff,Backend,AI-security,mailto:christina@goartemis.ai,46862140,1770068963,
Herakles,"['YOLOv8 Nano', 'Qualcomm QRB5165', 'Nvidia Jetson', 'Hailo-8', 'Proportional Navigation', 'MPC', 'PID/LQR control loops']",GLOBAL,,False,Senior,Backend,Defense,https://www.hera,46883150,1770194174,
Applied Research Lab,"['Python', 'math', 'CS', 'infrastructure']",UNKNOWN,,False,Senior,Other,Research,,46861441,1770065859,
Atomic Tessellator,"['Python', 'Django', 'React']",GLOBAL,,False,Senior,Backend,Aerospace,https://atomictessellator.com/careers/chief-business-officer,46866258,1770090780,
Modal,"['Python', 'Django']",ONSITE,,False,Senior,Backend,Fintech,https://jobs.ashbyhq.com/modal/a4b8b2b6-5d0c-4ba6-9256-b84be84fb79e,46872403,1770133387,
CT RISE Network,"['Python', 'Django', 'RESTful APIs', 'Web Applications']",US_ONLY,,False,Junior,Backend,Nonprofit,https://workforcenow.adp.com/mascsr/default/mdf/recruitment/recruitment.html?cid=cd5e6e85-1118-4b7d-83a8-33d4c781cf73&ccId=19000101_000003&jobId=14422&jwId=SYS:JW:001&lang=en_US,46993910,1770925000,
CT RISE Network,"['Python', 'Django', 'RESTful APIs', 'Web Applications']",US_ONLY,,False,Junior,Backend,Nonprofit,https://workforcenow.adp.com/mascsr/default/mdf/recruitment/recruitment.html?cid=cd5e6e85-1118-4b7d-83a8-33d4c781cf73&ccId=19000101_000003&jobId=14422&jwId=SYS:JW:001&lang=en_US,46993907,1770924991,
Rinse,"['React', 'Typescript', 'CSS', 'Python', 'Django']",GLOBAL,,False,Mid,Fullstack,Fintech,https://www.rinse.com,46860461,1770061981,
Stellar Science,"['Python', 'Django', 'AI', 'ML', 'Physics-informed neural networks (PINN)', 'Computer vision', 'Image processing', 'High performance computing (HPC)', 'Computer aided design (CAD)']",US_ONLY,,True,Senior,Backend,Fintech,https://www.stellarscience.com,46865733,1770086379,
Songscription,"['Python', 'Django', 'AI']",GLOBAL,,False,Senior,Backend,Musictech,https://songscription.ai/careers/founding-fullstack-engineer,46864354,1770077564,
Uncountable,"['Python', 'Django', 'LLM']",ONSITE,150000.0,False,Mid,Backend,SaaS,https://www.uncountable.com/hiring/hn,46863649,1770074307,
PrairieLearn,"['Node.js', 'TypeScript', 'Postgres', 'React', 'AWS', 'LLM agents', 'vision-language models']",US_ONLY,120000.0,False,Mid,Fullstack,EdTech,https://www.prairielearn.com,46857529,1770048216,
Midpage,"['Python', 'Postgres']",GLOBAL,170000.0,False,Senior,Backend,Legaltech,,46861925,1770068097,
Beautiful.ai,"['Python', 'Django', 'React', 'Node.js']",GLOBAL,160000.0,False,Senior,"['Backend', 'Frontend']",AI,https://job-boards.greenhouse.io/beautifulai/jobs/4802989007,46860967,1770063944,
,[],GLOBAL,,False,Mid,Other,,,46858691,1770053650,
Realm.fun,"['TypeScript', 'Astro', 'Tailwind CSS', 'Supabase', 'Stripe', 'Docker', 'Kubernetes', 'Pelican Panel', 'Hetzner Cloud']",GLOBAL,,False,Mid,Fullstack,Game Server Hosting,https://realm.fun/careers,46861028,1770064173,
Duolingo,"['Swift', 'Kotlin', 'TypeScript', 'Python', 'Postgres', 'Dynamo', 'AWS', 'k8s', 'Terraform']",GLOBAL,225000.0,False,Senior,Backend,EdTech,https://careers.duolingo.com/jobs/8414653002,46981832,1770847508,
Faraday,"['TypeScript', 'JavaScript', 'AWS', 'GCP', 'Azure', 'AI', 'LLMs']",ONSITE,180000.0,False,Senior,Backend,Fintech,https://faraday.so/,46976593,1770825660,
DuckDuckGo,"['Python', 'Django']",GLOBAL,178500.0,False,Senior,Backend,Fintech,https://jobs.ashbyhq.com/duck-duck-go/72ec81ce-54a2-447a-9a8a-9de84ae53f8f?utm_source=1DKZJgG9d9,46858891,1770054628,
Doubling.io,"['React Native', 'Node.js', 'Cloud Infrastructure']",US_ONLY,,False,Mid,Backend,Healthtech,https://www.doubling.io/careers/software-engineer-contract,46858279,1770051658,
BetterDB,"['TypeScript', 'NestJS', 'Fastify', 'React', 'Valkey', 'PostgreSQL', 'Docker', 'Kubernetes', 'Terraform', 'AWS']",GLOBAL,,False,Senior,Backend,Fintech,mailto:kristiyan@betterdb.com,46972527,1770799920,
Arcol,"['Typescript', 'Rust', 'wasm', 'WebGL']",US_ONLY,,False,Senior,Backend,Fintech,https://www.arcol.io/careers,46858297,1770051790,
Cloudflare,"['Rust', 'DB']",ONSITE,,False,Senior,Backend,Cloudflare,,46859595,1770057832,
PostHog,"['Python', 'Clickhouse', 'Django']",GLOBAL,,False,Mid,Backend,SaaS,https://posthog.com/careers,46857654,1770048653,
Memorang,"['Vercel', 'Supabase', 'Neo4j', 'Langchain', 'Expo']",GLOBAL,,False,Senior,Backend,EdTech,,46857784,1770049195,
Ro,"['Python', 'Django']",HYBRID,,False,Mid,Backend,Healthtech,https://ro.co/careers/#open-roles,46983344,1770856570,
Adalat AI,"['Go', 'React', 'Next.js', 'k8s']",GLOBAL,,False,Senior,Backend,Fintech,https://www.careers-page.com/adalat/job/7XX676R5,46866432,1770092383,
Alembic,"['C++', 'Python', 'AI']",GLOBAL,,False,Senior,Backend,AI,https://jobs.ashbyhq.com/alembic?utm_source=LrrO1q3Bmk,46982908,1770853872,
Blue,"['Python', 'Django']",GLOBAL,,False,Senior,Backend,Healthtech,https://joinblueai.com/join-us,46907390,1770337252,
Enveritas,"['Python', 'PostgreSQL', 'PostGIS', 'Docker', 'AWS', 'Terraform']",GLOBAL,145000.0,False,Mid,Backend,Sustainability,https://enveritas.org/jobs/backend-software-eng/#10d7adef8us,46858219,1770051376,
Happy Returns (a UPS company),"['Go', 'TypeScript', 'React', 'PostgreSQL', 'AWS', 'Kubernetes', 'Docker', 'DynamoDB']",US_ONLY,,False,Junior,Fullstack,Fintech,https://www.linkedin.com/jobs/view/4369609675/,46976827,1770826524,
Babou.ai,[],GLOBAL,,False,Mid,Other,AI,mailto:careers@babou.ai,46984173,1770862895,
DeepL,"['Python', 'AI', 'Django', 'Analytics', 'Security', 'HPC', 'Research Tooling']",HYBRID,,False,Senior,Backend,AI,https://jobs.ashbyhq.com/DeepL,46867043,1770098055,
Found,"['Ruby on Rails', 'Kubernetes', 'GKE', 'React', 'Typescript', 'Capacitor', 'MySQL', 'Spanner']",GLOBAL,,False,Senior,Backend,Fintech,https://found.com/careers,46864767,1770080226,
Wave,"['Python', 'Django', 'Voice AI']",GLOBAL,222700.0,False,Senior,Backend,Fintech,https://www.wave.com/en/careers/job/5779974004/,46967582,1770760957,
Teamtailor,"['Ruby on Rails', 'Ember.js', 'TypeScript']",GLOBAL,,False,Senior,Fullstack,SaaS,https://career.teamtailor.com/jobs/7046336-ai-product-developer?promotion=1816952-trackable-share-link-fc5deda6-1590-4c08-91f4-aff6,46901627,1770310137,
Axle Energy,"['Python', 'Django']",EU_ONLY,,False,Mid,Backend,Energy,https://jobs.ashbyhq.com/axle-careers?utm_source=Jq4PWdzKpw,46857964,1770050054,
Arenko,['Go'],ONSITE,,False,Senior,Backend,Energy Transition,,46945618,1770647624,
Family Office,"['Python', 'Django', 'Claude Code', 'Cursor', 'Copilot', 'Docker', 'CI/CD']",US_ONLY,120000.0,False,Mid,Backend,HealthTech,,46953053,1770679434,
Folio,"['Python', 'Django', 'React', 'Payment infra', 'AI search', 'Web automations']",GLOBAL,,False,Mid,Backend,Fintech,https://folio.co/jobs/software-engineer-fullstack,46874404,1770141099,
CVector,"['Python', 'Typescript', 'React']",ONSITE,,True,Senior,Backend,EnergyTech,,46860607,1770062492,
Neurotone,['Cross-platform'],GLOBAL,,False,Mid,Product,Healthtech,neurotone.com,46858523,1770052868,
Jurata,"['TypeScript', 'Next.js', 'Nest.js', 'Python', 'MongoDB', 'Vercel', 'AWS']",ONSITE,,False,Mid,Backend,LegalTech,https://join.com/com,46861845,1770067708,
PMG,"['Python', 'Django']",GLOBAL,,False,Mid,Fullstack,Marketing Technology,https://www.pmg.com/careers/,46858929,1770054785,
RepSpark,"['C#', '.NET', 'GraphQL', 'React', 'TypeScript', 'PostgreSQL', 'AWS']",US_ONLY,,False,Mid,Fullstack,SaaS,https://www.repspark.com,46858474,1770052669,
Splash Tech,"['Java', 'Python', 'TypeScript', 'Angular', 'SQL']",GLOBAL,,False,Senior,Fullstack,Gaming,https://splash.tech/,46862815,1770071304,
Count,"['TypeScript', 'Python', 'Node.js', 'WebAssembly']",GLOBAL,130000.0,False,Senior,Backend,SaaS,https://count.co,46858595,1770053199,
Cliniko,"['Ruby on Rails', 'React']",GLOBAL,,False,Mid,Fullstack,Healthtech,https://www.cliniko.com/,46961849,1770739866,
Replica,"['Python', 'Django']",ONSITE,,False,Mid,Backend,Fintech,https://replicainc.applytojob.com/apply/j2uyOSHstC/Software-Engineer-Applications?source=hackernews,46858449,1770052522,
Tenzir,"['C++', 'Apache Arrow', 'TypeScript', 'Python']",GLOBAL,,False,Mid,Backend,Security,,46861264,1770065118,
Wolf Games,"['TypeScript', 'Phaser', 'Pixi.js', 'Three.js']",US_ONLY,45000.0,False,Mid,Backend,Gaming,https://wolf-games.breezy.hr/p/009edf1b1963-software-engineer,46876996,1770151397,
Dragonfly,"['Python', 'Django', 'Cloud infra', 'AI', 'GenAI', 'Agentic frameworks']",GLOBAL,,False,Senior,Backend,Fintech,https://apply.workable.com/askdragonfly/j/11ADB3CB35/,46858809,1770054216,
Charge Robotics,"['Python', 'Django']",ONSITE,,False,Senior,Backend,Robotics,https://jobs.ashbyhq.com/charge-robotics/b2aa347c-4738-4065-8a2d-4a07e7743e07,46860277,1770061203,
Holepunch,['Node.js'],GLOBAL,,False,Senior,Backend,Fintech,https://holepunch.recruitee.com/o/p2p-nodejs-engineer?source=HN,46946177,1770650429,
Peregrine,"['Python', 'Django', 'AI', 'Product Security', 'Infrastructure']",ONSITE,175000.0,False,Senior,"['Backend', 'Product', 'DevOps']",Fintech,"['https://grnh.se/s7yxefzs5us', 'https://grnh.se/0w7ot24o5us', 'https://grnh.se/b2kbmt3j5us', 'https://grnh.se/6c1kjk525us', 'https://grnh.se/yl9kuqrg5us', 'https://grnh.se/gwf63pot5us']",46859912,1770059410,
Doowii,"['Python', 'TypeScript']",US_ONLY,,False,Senior,Backend,EdTech,https://doowii.io,46860534,1770062221,
Comper,"['Python', 'Django', 'Figma']",ONSITE,,False,Mid,Backend,SaaS,https://comper.io,46867927,1770105417,
SafetyWing,"['Python', 'Django']",GLOBAL,,False,Junior,Backend,Fintech,https://safetywing.pinpointhq.com/postings/5fe98f54-4b3c-4e65-aaea-3c3f25fe0071,46959004,1770727541,
Forcepoint,"['Python', 'Django', 'AWS', 'GCP']",GLOBAL,,False,Senior,Backend,Cybersecurity,https://www.linkedin.com/jobs/view/4361392992/,46957010,1770713692,
Halfpricesoft,"['Python', 'Django', 'React', 'Kubernetes']",ONSITE,175000.0,False,Senior,Backend,SaaS,,46863986,1770075872,
Radar Labs,"['Rust', 'TypeScript', 'Python', 'Scala', 'Terraform']",GLOBAL,,False,Senior,Backend,Fintech,https://radar.com,46871324,1770128537,
Lightning AI,"['Go', 'Python', 'TypeScript', 'React', 'Postgres', 'Kubernetes', 'AWS', 'GCP']",HYBRID / ONSITE,,False,Senior,Backend,AI,https://lightning.ai/careers,46859814,1770058938,
Mozart AI,"['React', 'Zustand']",ONSITE,,False,Mid,Fullstack,MusicTech,,46861651,1770066932,
Atomscale,"['Python', 'Django', 'React', 'JavaScript', 'Node.js', 'Data Visualization', 'APIs', 'Desktop Apps']",HYBRID,,False,Mid,Fullstack,Fintech,https://www.atomscale.ai/careers/software-engineer-full-stack,46860584,1770062414,
EggAI,"['Python', 'Pydantic', 'async frameworks', 'cloud-native tools']",GLOBAL,,False,Senior,Backend,AI,https://grnh.se/wr97lgu2teu,46859341,1770056664,
How We Feel,['AI'],ONSITE,,False,Lead,Mobile,Healthtech,https://howwefeel.notion.site/Lead-Product-Engineer-iOS-AI-2f47dbb21c1680e9b7fdc110739a55c7,46952788,1770677962,
AIDAR,"['Python', 'PostgreSQL', 'Flutter']",GLOBAL,,False,Senior,Backend,MusicTech,https://aidrivenar.notio,46857703,1770048869,
Immunera,"['Python', 'PyTorch', 'TensorFlow']",GLOBAL,,False,Senior,ML/AI,Healthtech,https://www.immunera.ai/jobs,46863232,1770072728,
VIVA Finance,"['Python', 'Django']",ONSITE,,False,Mid,Backend,Fintech,,46857726,1770048955,
SIG,"['C#', 'C++', 'Python', 'Linux', 'Java']",GLOBAL,,True,Senior,"['Backend', 'DevOps', 'Data', 'ML/AI', 'Fullstack']",Fintech,https://sig.com,46864551,1770078804,
Neo.Tax,"['TypeScript', 'Node.js', 'React', 'SQL']",GLOBAL,,False,Senior,Fullstack,Fintech,,46862175,1770069097,
Coveo,"['Java', 'REST APIs', 'React', 'TypeScript', 'AWS', 'Kubernetes']",GLOBAL,,False,Senior,Backend,AI,,46857798,1770049261,
Innolitics,"['Python', 'Django', 'AI', 'Cybersecurity']",GLOBAL,120000.0,False,Mid,Backend,Healthtech,https://innolitics.com/join/medical-device-software-engineer/,46876386,1770148683,
Goji Labs,"['Typescript', 'AI']",GLOBAL,,False,Mid,Product Designer,SaaS,https://careers.gojilabs.com/32359,46880315,1770169566,
Microsoft,"['Rust', 'Python', 'Azure', 'Vector DB']",GLOBAL,,False,Senior,Backend,Cloud,https://apply.careers.microsoft.com/careers?query=200019455&start=0&pid=1970393556656610&sort_by=relevance,46896462,1770273608,
Strobe,"['AWS', 'Python', 'TypeScript', 'Lambda', 'GraphQL', 'data pipelines', 'Embedded Linux', 'RTUs', 'Modbus', 'BACnet', 'DNP3', 'React']",ONSITE,150000.0,False,Senior,Backend,EnergyTech,"mailto:eric@strobepower.com, cc keeley@strobepower.com",46858155,1770051018,
Flok Health,"['Python', 'TypeScript', 'Rust']",GLOBAL,,False,Senior,Fullstack,Healthtech,https://www.flok.health/careers/engineering-team,46945590,1770647436,
Augmental,"['Python', 'Django', 'Embedded']",GLOBAL,,False,Senior,Backend,Healthtech,https://www.augmental.tech/join-us/software,46893204,1770246430,
On Time Bride,['Node.js'],GLOBAL,,False,Senior,Backend,Fintech,https://www.ontimebride.com/careers/founding-engineer-remote-role,46947049,1770654276,
Parts Order,"['Python', 'NumPy', 'Librosa', 'SciPy', 'Pedalboard', 'AWS', 'GCP']",GLOBAL,190000.0,False,Senior,Backend,MusicTech,https://partsorder.notion.site/CTO-26ae2984e582808b8060ec22fc2dbafb,46946277,1770650845,
Hipcamp,"['Python', 'Django', 'AI']",GLOBAL,,False,Senior,Backend,Marketplaces,https://ats.rippling.com/en-US/join-the-hipcamp-team/jobs/e1a02932-198c-41d9-8f13-189f1611ab57,46871300,1770128432,
Vantheon,"['Node.js', 'TypeScript', 'React']",ONSITE,,False,Mid,Fullstack,Crypto,mailto:emilie@vantheon.ai,46991052,1770914743,
Fanvue,"['TypeScript', 'AI coding tools', 'MCP servers', 'LLM fundamentals']",GLOBAL,,False,Senior,Backend,Creator Monetisation Platform,,46859092,1770055559,
Cloudflare,"['JavaScript', 'TypeScript', 'Rust', 'Python', 'Workers Runtime', 'V8 isolate', 'Containers', 'Agent Sandboxes', 'stateless global apps', 'AI Agents', 'AgentsSDK', 'Sandboxes', 'MCP Servers', 'Code Mode']",GLOBAL,,False,Senior,Product Manager,Cloud Infrastructure,mailto:<my-hn-username>@cloudflare.com,46857585,1770048407,
Goody,"['Ruby', 'React', 'TypeScript', 'Python', 'Node.js']",GLOBAL,200000.0,False,Senior,Backend,Fintech,,46857491,1770048100,
Sage,"['Python', 'Django']",HYBRID,,False,Senior,Backend,Healthtech,https://www.sagehealth.com/company/careers,46858612,1770053264,
Shorebird,"['Dart', 'Google Cloud', 'Cloudflare', 'Postgres', 'React', 'Node.js']",US_ONLY,150000.0,False,Mid-Senior,Backend,SaaS,https://shorebird.dev,46920847,1770432465,
PermitFlow,"['Python', 'Django']",GLOBAL,,False,Staff,Fullstack,Fintech,https://permitflow.com,46928330,1770500067,
AIRMO,"['Python', 'Django', 'React', 'ML']",ONSITE,,False,Mid,Backend,Climate-tech,https://www.airmo.io/careers,46868484,1770109619,
Tailscale,"['Python', 'Django']",GLOBAL,,False,Mid,Backend,Fintech,https://job-boards.greenhouse.io/tailscale/jobs/4656023005,46864421,1770078045,
Proton,"['Rust', 'Mail']",ONSITE,,True,Senior,Backend,Fintech,https://job-boards.eu.greenhouse.io/proton/jobs/4766179101,46868542,1770110059,
Tower,"['Python', 'Apache Iceberg', 'ETL', 'Lakehouse', 'serverless']",GLOBAL,,False,Senior,Backend,Data,https://jobs.tower.dev,46858277,1770051654,
Matcha.fm,"['React', 'Next.js', 'Postgres']",GLOBAL,,False,Senior,Fullstack,Fintech,https://matcha.fm/apply/segrowth/hn,46945956,1770649255,
Stainless,"['Python', 'Django']",ONSITE,,False,Mid,Backend,Fintech,https://stainless.com/jobs?utm_source=YlRQ8pvARO,46860331,1770061470,
Modall,"['TypeScript', 'React', 'Next.js', 'Tailwind', 'React Native', 'Node.js', 'Prisma', 'PostgreSQL']",ONSITE,62400.0,False,Mid,Frontend,SaaS,https://modall.breezy.hr/p/552471e37316-frontend-developer-react-next-js,46936963,1770574732,
Staffer.ai,"['Clojure', 'ClojureScript', 'PostgreSQL']",EU_ONLY,,False,Senior,Backend,AI,https://careers.staffer.ai/jobs/5751618-senior-clojure-script-developer-at-staffer-ai,46959809,1770732035,
Microsoft,"['Python', 'C#', 'C++', 'Java', 'JavaScript']",ONSITE,,False,Senior,Backend,AI,https://microsoft.ai/careers,46912689,1770385126,
Receiptor AI,"['Python', 'Django']",GLOBAL,,False,Senior,Backend,Fintech,https://www.notion.so/receiptor-ai/Founding-Growth-Lead-2fb4ae205c6b80d58ef4fd1751bbfa8e,46945674,1770647872,
LiveKit,"['Livekit.io', 'VoiceAI', 'webRTC', 'Real-time communications']",GLOBAL,,False,Senior,Backend,Fintech,https://jobs.ashbyhq.com/livekit/62076f79-698c-426e-b4fa-8e1a9ce685ea,46919295,1770418394,
Pepr AI,"['Python', 'Django', 'Machine Learning', 'Optimization']",ONSITE,140000.0,True,Mid,Backend,Fintech,https://pepr.ai/careers?ashby_jid=6025c6f4-3b72-4dc6-8a2c-fa7200f91a7a,46908134,1770343982,
NIST CAISI,"['Python', 'ML', 'Cyber', 'Bio', 'RLHF', 'RStudio']",GLOBAL,190000.0,False,Senior,Backend,Government,https://www.nist.gov/caisi/careers-caisi,46920617,1770430230,
Apple,"['Python', 'TypeScript']",ONSITE,,False,Mid,Fullstack,Tech,https://jobs.apple.com/en-us/details/200643395-3543/full-stack-software-engineer,46861373,1770065570,
Nomi.ai,"['Python', 'Django', 'Large Language Model', 'Retrieval Augmented Generation', 'Agentic Capabilities']",GLOBAL,175000.0,False,Senior,ML/AI,Healthtech,https://nomi.ai,46861580,1770066605,
Nango,"['Python', 'Django', 'API']",GLOBAL,,False,Mid,Backend,Developer Infrastructure,https://nango.dev,46868502,1770109743,
,"['Figma', 'Canva', 'Figjam', 'Notion', 'Miro', 'Visily', 'Maze', 'Jitter', 'Asana', 'AI', 'Framer', 'Wireframing', 'Prototyping', 'Mockups', 'Microinteractions', 'User Research', 'Competitive Analysis', 'User Flows', 'UI Design', 'UX Research', 'Product Management', 'Jira', 'Lottie Animations']",GLOBAL,,False,Senior,Product Designer,Product Design,https://anshimasainiproduct.framer.website/,46944852,1770642727,
Discord,"['Rust', 'ScyllaDB', 'k8s', 'Python', 'Postgres', 'Elasticsearch', 'Terraform']",HYBRID,,False,Senior,Backend,Communication,https://discord.com/jobs/8200328002,46859721,1770058498,
Atria Health,"['Express', 'React', 'GCP', 'Terraform', 'DBT', 'MySQL', 'Snowflake']",GLOBAL,,False,Mid,Backend,Healthtech,https://apply.workable.com/atria-health/,46858287,1770051712,
Crowdstrike,"['Java', 'Spark', 'Flink', 'Pinot', 'Iceberg']",GLOBAL,,False,Senior,Backend,Cybersecurity,corneliureplacewithdotcreanga at crowdstrike.com,46858941,1770054827,
Mapistry,"['Node.js', 'TypeScript', 'Postgres', 'React', 'React Native', 'RabbitMQ', 'Sigma', 'Snowflake']",ONSITE,,False,Mid,Fullstack,Fintech,https://www.mapistry.com/,46890048,1770231453,
Pushscroll,"['Kotlin', 'Compose Multiplatform', 'Swift', 'SwiftUI', 'Supabase', 'Amplitude']",GLOBAL,,False,Mid,Mobile,Healthtech,contact@pushscroll.com,46857847,1770049446,
Driftrock,"['Elixir', 'Postgres', 'RabbitMQ', 'GCP']",GLOBAL,,False,Senior,Backend,Fintech,https://apply.workable.com/driftrock/j/B796AAFD15/,46886146,1770214966,
Shinzo,"['Go', 'Rust', 'WebAssembly', 'Merkle CRDTs', 'recursive SNARKs', 'LibP2P', 'GraphQL', 'Cosmos SDK/EVM']",GLOBAL,,False,Senior,Backend,Blockchain,https://bit.ly/3YBwhBn,46904144,1770320743,
Squint,"['AI', 'Spatial', 'Hardware', 'Python', 'Django']",GLOBAL,,False,Mid,Backend,Manufacturing,https://h,46904943,1770324073,
AllSpice.io,"['Python', 'Go', 'Vue', 'TypeScript', 'GitHub Actions', 'Docker Swarm', 'Terraform', 'AWS', 'Postgres', 'Rust']",GLOBAL,,False,Senior,Backend,Fintech,https://www.allspice.io/careers,46860352,1770061539,
Onja,"['Python', 'Django']",GLOBAL,,False,Mid,Backend,EdTech,https://onja.org/careers/full-stack-developer-course-design,46910780,1770370117,
Zed Industries,['Rust'],GLOBAL,,False,Mid,Backend,SaaS,https://zed.dev/,46890019,1770231345,
Corsha,"['Python', 'Django', 'Data Science']",GLOBAL,,False,Mid,Backend,Cybersecurity,https://www.linkedin.com/jobs/view/4339829577/,46899510,1770298698,
DoStuff,"['React', 'Ruby on Rails', 'Elixir', 'Postgres', 'Elasticsearch']",US_ONLY,,False,Mid,Backend,SaaS,mailto:scott+domore@dostuffmedia.com,46907272,1770336411,
Gaia AI,"['TypeScript', 'React', 'Mongo', 'AWS', 'React-native', 'LiDAR', 'Vision', 'SLAM', 'Rust']",GLOBAL,,False,Mid,"['Backend', 'Frontend']",GreenTech,https://docs.google.com/forms/d/e/1FAIpQLSeXplH__tMz_EIRS4yqPdr-x2UX0nPLgM91I6aZge38oOLa2Q/viewform?usp=header,46899806,1770300664,
Rolling Insights,"['Node.js', 'JavaScript', 'React', 'Azure', 'PostgreSQL']",GLOBAL,,False,Senior,Backend,Sports Data,,46878279,1770157825,
FetLife,"['Python', 'Django']",GLOBAL,182000.0,False,Senior,Backend,Social Network,https://fetlife.com/jobs/head_of_engineering_and_infrastructure,46857494,1770048112,
Kinelo,"['Python', 'Django', 'AI']",ONSITE,,False,Senior,Backend,Fintech,,46859526,1770057496,
Verge Genomics,"['Python', 'Django', 'AI', 'Foundation Models']",US_ONLY,,False,Mid,Backend,Healthtech,https://jobs.ashbyhq.com/verge-genomics,46878732,1770160173,
Bookarang,"['Airflow', 'Grafana', 'Prometheus', 'Docker', 'MongoDB', 'MySQL', 'Ansible']",ONSITE,57000.0,False,Senior,Backend,Fintech,,46869428,1770116935,
Guided Clinical Solutions,"['Python', 'Cypress', 'Playwright']",US_ONLY,,False,Mid,Backend,Healthtech,mailto:theo@guidedclinical.com,46858532,1770052933,
Layer Health,"['React', 'TypeScript', 'Python', 'GCP']",ONSITE,,False,Senior,Backend,Healthtech,https://www.layerhealth.com/,46875313,1770144316,
BoreDM,"['TypeScript', 'React', 'Python', 'Flask', 'Jazz.tools', 'SST', 'AWS']",US_ONLY,120000.0,False,Mid,Fullstack,Geotech,mailto:will@boredm.com,46857875,1770049547,
Office Hours,"['TypeScript', 'Node.js', 'Postgres', 'OpenSearch', 'Temporal', 'React', 'Next.js', 'Tailwind', 'AWS']",US_ONLY,,False,Senior,Backend,SaaS,https://officehours.com,46895259,1770261756,
Kredit,"['C#', '.NET Core', 'PostgreSQL', 'CQRS', 'Angular', 'GCP', 'Kubernetes', 'Terraform']",US_ONLY,,False,Mid,Fullstack,Fintech,https://www.kredit.fyi,46936741,1770573234,
EnsoData,"['React Native', 'Typescript']",US_ONLY,,False,Senior,Mobile,Healthtech,https://apply.workable.com/ensodata/j/8E07E794DF/,46914468,1770393653,
Dialogica,"['Go', 'Rust', 'SolidJS', 'LangChain', 'OpenAI', 'Anthropic', 'Gemini']",ONSITE,120000.0,False,Senior,Fullstack,AR,,46879486,1770164357,
Freetrade,"['TypeScript', 'Node.js', 'Postgres', 'GCP']",ONSITE,100000.0,False,Senior,Backend,Fintech,https://freetrade.io,46905158,1770324913,
Veho,"['Python', 'TypeScript', 'SQL', 'AWS']",GLOBAL,,False,Senior,Backend,Logistics,https://shipveho.com/careers,46867611,1770102858,
Obie,"['Python', 'Django']",GLOBAL,,False,Mid,Backend,Fintech,https://ats.rippling.com/obie/jobs/76234395-2934-4746-a421-5e0ba0173f55,46869120,1770114143,
Sphinx Defense,"['Python', 'Django']",US_ONLY,,False,Senior,Backend,Defense,https://www.sphinxdefense.com,46862207,1770069207,
New Lantern,"['Python', 'Django']",ONSITE,,False,Senior,Backend,Healthtech,https://careers.newlantern.ai,46861232,1770064956,
Healthesystems,"['Appian', 'SQL Server', 'MongoDB', 'Kafka']",GLOBAL,119000.0,False,Senior,Backend,Healthtech,https://healthesystems.com/careers-list/?gh_jid=7587287003,46858976,1770054958,
JustPark,"['AWS', 'Terraform', 'CloudFormation', 'Golang', 'CI/CD']",GLOBAL,,False,Mid,DevOps,Fintech,https://apply.workable.com/justpark/j/4095D0A5F8/,46858181,1770051167,
Category Labs,"['Python', 'Django', 'Solidity']",GLOBAL,200000.0,False,Senior,Backend,Crypto,https://jobs.ashbyhq.com/category-labs/bdfe89a6-83f6-4ab3-b642-180b7e2814a9,46877012,1770151477,
Unit,"['Python', 'Django', 'React', 'Node.js']",GLOBAL,,False,Senior,"['Backend', 'Fullstack', 'ML/AI']",Fintech,"['https://jobs.ashbyhq.com/gtv/d17dd0c3-cb91-4dcb-8543-37528074876d', 'https://jobs.ashbyhq.com/gtv/7ef9e46c-7b8c-49c3-b138-b055af7b7d19', 'https://jobs.ashbyhq.com/gtv/954d9a64-90f1-4e38-85c9-9873a601edf1']",46859160,1770055913,
Meticulous AI,"['TypeScript', 'browser internals', 'distributed systems', 'cloud infra', 'deterministic execution']",GLOBAL,,False,Senior,Backend,Fintech,,46870302,1770122480,
Ardent AI,"['Python', 'Django']",US_ONLY,180000.0,False,Senior,Backend,Fintech,https://ardent.ai/careers/product-engineer,46859082,1770055480,
Starbridge,"['Kotlin', 'Java', 'React', 'TypeScript']",GLOBAL,,False,Senior,"['Backend', 'Frontend', 'Product']",AI,,46858512,1770052821,
Rad AI,"['AWS', 'Kubernetes', 'Terraform', 'PostgreSQL', 'PyTorch', 'Airflow', 'Python']",ONSITE/HYBRID,,False,Senior,Backend,Healthtech,https://www.radai.com/careers?utm_source=W29wy29rlJ,46907530,1770338338,
Annex Risk,"['Python', 'Django']",ONSITE,,False,Mid,Backend,Fintech,https://wellfound.com/jobs/3509845-software-engineer-data-engineer,46866066,1770089167,
PlantingSpace,"['Python', 'Django', 'AI', 'LLMs', 'Symbolic Computation', 'Probabilistic Computation']",EU_ONLY,,False,Mid,Backend,AI,https://planting.space,46868478,1770109560,
Mobasi,"['Rust', 'TypeScript', 'Python', 'Tauri', 'Next.js', 'Docker', 'Pulumi', 'Terraform']",GLOBAL,240000.0,False,Senior,DevOps,Fintech,https://mobasi.ai,46859169,1770055955,
Loki Robotics,"['Python', 'Django', 'HIL testing', 'kernel compilation', 'multi-arch compilation', 'cloud provisioning', 'LiDAR odometry', 'behaviour planning', 'low-latency teleoperation', 'sensors', 'hardware', 'drivers']",ONSITE,,False,Senior,Backend,Robotics,https://lokirobotics.co/,46860156,1770060703,
WireScreen,"['Python', 'Postgres', 'AI']",GLOBAL,190000.0,False,Senior,Backend,Fintech,https://jobs.ashbyhq.com/wirescreen/e9d8e7e3-c737-43ee-8c7e-35a38007a0f1?utm_source=xgRXlw271G,46857936,1770049827,
ML6,"['Python', 'TensorFlow', 'PyTorch', 'GCP', 'AWS', 'Azure']",GLOBAL,,False,Senior,ML/AI,Fintech,https://www.ml6.eu/knowledge-hub/blog,46859065,1770055427,
Ezra,"['Python', 'Django']",GLOBAL,,False,Senior,Fullstack,Fintech,,46858039,1770050437,
Reef Technologies,"['Python', 'Django']",GLOBAL,45000.0,False,Senior,Backend,Crypto,https://reef-technologies.com/,46866498,1770092899,
xFigura,"['DynamoDB', 'Next.js', 'Tailwind', 'AWS', 'FastAPI']",GLOBAL,,False,Senior,Backend,AI,mailto:info@xfigura.ai,46896838,1770277097,
Lago,"['Ruby', 'AWS', 'K8s', 'Pulumi']",EU_ONLY,,False,Senior,"['Backend', 'Infrastructure']",Fintech,https://www.getlago.com/hiring,46872258,1770132787,
Stream,"['Go', 'CockroachDB', 'RocksDB', 'WebRTC', 'Raft', 'Redis']",GLOBAL,,True,Senior,Backend,Fintech,https://tinyurl.com/2u5x9f9w,46869827,1770119548,
ToucanTix,"['Rails', 'Svelte', 'PostgreSQL', 'GraphQL', 'GCP']",GLOBAL,72000.0,False,Lead,Backend,Leisure/Culture,,46862101,1770068822,
Puma.tech,"['MacOS', 'Ai', 'ML', 'Browser Extensions']",GLOBAL,,False,Senior,Backend,Crypto,https://puma.tech,46862617,1770070604,
Lantern,"['Python', 'FastAPI', 'Next.js', 'React']",ONSITE,,False,Senior,Backend,Fintech,withlantern.com,46857911,1770049721,
Speakeasy,"['Go', 'Typescript', 'MCP protocol', 'Serverless infrastructure', 'OpenAPI']",GLOBAL,,False,Senior,Backend,Fintech,https://www.speakeasy.com/,46866788,1770095544,
StorPool,"['C', 'Linux']",GLOBAL,,False,Senior,Backend,Cloud,https://storpool.com/force/senior-software-engineer-storage-core-c-linux,46868733,1770111298,
Hearst,"['Python', 'Django', 'Claude Code', 'Opus', 'Codex', 'GPT']",GLOBAL,,False,Senior,Backend,Media,https://eevd.fa.us6.oraclecloud.com/hcmUI/CandidateExperience/en/sites/CX_7/job/2024392,46858032,1770050402,
CareIgnition,"['Python', 'Django', 'React', 'AWS', 'SQL', 'DuckDB', 'Polars', 'Iceberg', 'Redshift']",US_ONLY,,False,Senior,Backend,Healthtech,mailto:vikram.chauhan@careignition.com,46877871,1770155643,
Trunk,"['Python', 'Django', 'CI', 'Test Data Platform']",GLOBAL,,False,Senior,Backend,Dev Tools,https://trunk.io,46858047,1770050482,
Estuary,"['Go', 'Rust', 'Python']",GLOBAL,,False,Senior,Backend,Data,https://estuary.dev/,46875747,1770145991,
Findigs,"['Python', 'TypeScript', 'Node.js', 'React']",GLOBAL,,False,Senior,Backend,Fintech,https://jobs.lever.co/findigs/7b967407-b4db-4bc6-8cdb-16de43821498?lever-origin=applied&lever-source%5B%5D=HackerNews,46871202,1770127931,
Matterworks.ai,"['Python', 'Django', 'Deep Learning']",GLOBAL,,False,Staff,Backend,Healthtech,https://jobs.ashbyhq.com/matterworks/460eb0dc-61fb-4b6e-843c-aef300577691,46873017,1770135746,
Zefr,"['Cloud Infrastructure', 'CI/CD', 'Observability', 'SRE']",ONSITE,190000.0,False,Staff,Backend,Fintech,,46906861,1770333722,
Better Stack,"['Python', 'Django']",GLOBAL,,False,Mid,Backend,SaaS,https://betterstack.com/careers/fullstack-engineer,46858683,1770053596,
Mzero,"['Rust', 'C++', 'Bitcoin']",ONSITE,,False,Senior,Backend,Crypto,https://job-boards.greenhouse.io/charnetwork/jobs/4055702009,46914248,1770392786,
Silkline,"['TypeScript', 'React', 'Next.js', 'Hasura', 'PostgreSQL', 'Trigger.dev', 'AWS GovCloud', 'Pulumi']",ONSITE,175000.0,False,Senior,Backend,Aerospace,https://silkline.ai,46862811,1770071302,
Kadoa,"['Python', 'AI', 'Web scraping', 'ETL software']",GLOBAL,,False,Senior,Backend,Fintech,https://www.kadoa.com/careers/frontend-engineer,46858833,1770054332,
HomeVision,"['Python', 'Django', 'AWS', 'Terraform', 'SQL', 'LLMs', 'Multi-modal models']",GLOBAL,150000.0,False,Mid,Backend,Fintech,https://jobs.ashbyhq.com/homevision,46878250,1770157665,
Dynasty,"['Python', 'Django']",ONSITE,,False,Mid,Backend,Fintech,https://www.getdynasty.com,46876447,1770148948,
Surge AI,"['Python', 'Django', 'RL Environments', 'Agentic Workflows']",GLOBAL,,False,Senior,Backend,AI,,46865574,1770085304,
Phonely,"['Python', 'FastAPI', 'async microservices', 'AWS', 'GCP', 'Kubernetes', 'Redis', 'Firebase', 'Supabase', 'Datadog', 'SIP/voice APIs']",ONSITE,,False,Senior,Backend,Fintech,,46872867,1770135153,
Encube Technologies,"['React', 'Next.js', 'TypeScript', 'WebGPU', 'WebGL2', 'three.js', 'React Three Fiber', 'Python', 'C++', 'Kubernetes']",GLOBAL,,False,Senior,Backend,Fintech,https://www.getencube.com,46861288,1770065236,
Mondrio,"['Python', 'FastAPI', 'MongoDB', 'React', 'Gemini', 'Claude Code']",GLOBAL,,False,Mid,Backend,SaaS,,46858502,1770052783,
CASUS,"['Python', 'Django', 'LangChain', 'Azure LLMs']",GLOBAL,,False,Senior,Backend,Fintech,https://getcasus.com,46868773,1770111575,
Rover,"['Python', 'Django', 'React', 'Node.js', 'Payments']",GLOBAL,,False,Senior,Backend,Fintech,https://www.rover.com/careers/engineering,46868783,1770111703,
"Caspian Trade, Inc.","['Node.js', 'Nest.js', 'TypeScript', 'PostgreSQL', 'React', 'Relay/GraphQL', 'BullMQ/Redis']",GLOBAL,,False,Senior,Backend,Fintech,https://meetcaspian.notion.site/Sr-Software-Engineer-Caspian-2993946c3ee880d2852ef10827dc175e,46858265,1770051617,
SightlineOS,"['Python', 'Django', 'ML']",US_ONLY,135000.0,False,Senior,Backend,Fintech,https://www.sightlineos.com/careers,46873021,1770135755,
Hack Club,[],ONSITE,,False,Senior,Other,Nonprofit,https://hackclub.com,46868000,1770105982,
Unto Labs,"['RISC-V', 'LLVM', 'C', 'Solana', 'Firedancer']",GLOBAL,,False,Mid,Backend,Blockchain,https://thru.org,46859770,1770058725,
Coder,"['Python', 'Django', 'AI', 'Cloud Development Environment']",GLOBAL,,False,Senior,Backend,AI,https://coder.com/,46888484,1770225179,
RentEngine,"['Python', 'Django']",GLOBAL,,False,Mid,Backend,SaaS,https://rentengine.io/careers,46998778,1770955208,
Sells,"['Golang', 'TypeScript', 'n8n', 'PostgreSQL', 'GitHub', 'Linear', 'Fly.io', 'Tailscale', 'Notion']",ONSITE,,False,Mid,Fullstack,M&amp;A advisory,,46866832,1770096022,
Carta,"['React', 'TypeScript', 'Rspack/Vite']",GLOBAL,,False,Senior,Backend,Fintech,https://job-boards.greenhouse.io/carta/jobs/7544237003,46860683,1770062752,
L2 Labs,"['Python', 'Django', 'AI']",GLOBAL,,False,Senior,Backend,AI,https://www.l2labs.ai/,46858377,1770052193,
Aqora,"['Python', 'Quantum Computing']",EU_ONLY,,False,Senior,Backend,Quantum Computing,https://quantum.jobs/jobs/85500519-quantum-computing-expert,46861178,1770064761,
OmniAI,"['TypeScript', 'Node.js', 'React', 'Postgres', 'Docker', 'Kubernetes', 'LLMs']",ONSITE,137500.0,False,Mid,Fullstack,Fintech,https://www.ycombinator.com/companies/omniai/jobs/Dr0GIaE-full-stack-engineer-onsite-sf,46859233,1770056202,
StraighterLine,"['React', 'Next.js', 'TypeScript', 'Node.js', 'GraphQL', 'AWS']",US_ONLY,,False,Staff,Backend,EdTech,https://jobs.lever.co/straighterline/36d8f56b-14ac-4a35-af0c-5c267fe51315,46880460,1770170482,
Source,"['Python', 'Django', 'Edge AI', 'Mobile Apps', 'SQLite', 'GPU']",GLOBAL,,False,Senior,Backend,Fintech,https://source.network/careers/chief-of-staff,46866014,1770088686,
Level 12,"['Python', 'JavaScript', 'SQL']",GLOBAL,120000.0,False,Mid,Fullstack,Software Consulting,https://www.level12.io/careers/,46862438,1770069983,
Journalytic,"['React', 'TypeScript']",GLOBAL,,False,Mid,Frontend,Fintech,https://jobs.journalytic.com,46892076,1770240624,
Evervault,"['Rust', 'Node.js']",GLOBAL,,False,Senior,Backend,Fintech,https://evervault.com/jobs,46862748,1770071097,
Kato,"['Golang', 'PostgreSQL', 'Next.js', 'TypeScript', 'React', 'Tailwind', 'AWS', 'Terraform', 'Kubernetes', 'Docker', 'LLMs', 'Speech-to-Text', 'Text-to-Speech']",ONSITE,,False,Senior,Backend,Fintech,,46865766,1770086636,
TigerData,"['PostgreSQL', 'Python']",GLOBAL,,False,Senior,Backend,Fintech,https://www.tigerdata.com/careers,46857974,1770050139,
Beacon AI,"['Swift', 'SwiftUI', 'UIKit', 'Mapbox', 'AWS', 'Python', 'Typescript', 'React', 'C++', 'Python', 'iOT']",GLOBAL,,False,Senior,"['Backend', 'Frontend', 'Fullstack', 'DevOps', 'Mobile', 'Data', 'ML/AI', 'Product', 'Other']",Aerospace,https://beaconai.co/career,46858418,1770052377,
DrSwarm,"['Next.js', 'React', 'Django', 'Python', 'Postgres', 'Celery', 'Redis', 'Docker', 'AWS', 'DigitalOcean', 'LLM APIs']",US_ONLY,,False,Senior,Fullstack,Healthtech,https://jobs@drswarm.com,46862094,1770068787,
Prezly,"['PHP', 'Symfony', 'PostgreSQL', 'React', 'TypeScript', 'Kubernetes', 'AWS']",GLOBAL,,False,Senior,Backend,SaaS,https://careers.prezly.com,46869945,1770120403,
Sentinel Defense Technologies,"['Python', 'Django', 'CI/CD', 'Secrets Management', 'High-Availability Architecture', 'Gemini', 'Refusal Logic', 'Drift Evaluation', 'OSINT', 'Intelligence']",GLOBAL,,False,Senior,"['Backend', 'Fullstack', 'DevOps', 'ML/AI', 'Data']",Cybersecurity,,46874252,1770140503,
Sumble,"['Python', 'Django', 'AI/ML']",GLOBAL,,False,Mid,Backend,Data Vendor,https://sumble-inc.workable.com/,46859207,1770056077,
Duranta,"['Go', 'Postgres', 'Python', 'React', 'React Native']",ONSITE,,False,Staff,Backend,SaaS,https://jobs.lever.co/getduranta/c416cd42-3709-4de0-91ae-385af8700ae0,46859154,1770055885,
GrackerAI,"['Python', 'Django']",GLOBAL,,False,Senior,Backend,SaaS,https://gracker.ai,46859582,1770057754,
NetToolKit,"['Python', 'Django']",ONSITE,,False,Junior,Backend,SaaS,https://docs.google.com/document/d/1RwxCghey6xDnjvBhi87GsGWgyXF_aA_xZF-y6FbWs4U/edit?tab=t.0,46861004,1770064078,
Bidaya AI,"['Next.js', 'React', 'FastAPI', 'Python', 'Temporal']",HYBRID,112000.0,False,Senior,Fullstack,"AEC (Architecture, Engineering, Construction)",,46857970,1770050089,
AMD,"['Python', 'MLIR', 'HIP', 'CUDA', 'GPU intrinsics', 'inline assembly', 'MLIR dialects', 'rocprof', 'Nsight']",ONSITE,,False,Senior,Backend,Tech,https://careers.amd.com/careers-home/jobs/77039?lang=en-us,46872073,1770132107,
Vantage,"['Ruby', 'Rails', 'Python', 'Django', 'AI', 'Agent']",GLOBAL,,False,Senior,Backend,FinOps,https://www.vantage.sh/careers,46858975,1770054950,
Cardog,"['Python', 'Django', 'CAN bus', 'BMS']",ONSITE,,False,Mid,Backend,Fintech,hello[at]cardog{dot}app,46925276,1770483078,
BMO Capital Markets,"['C#/.NET 8', 'SQL Server', 'kdb', 'C#/.NET', 'Python', 'gRPC', 'Bloomberg', 'index providers', 'internal kdb']",ONSITE,,False,Mid,Backend,Finance,https://bmo.wd3.myworkdayjobs.com/External/job/Toronto-ON-CAN/Associate--Structured-Products-Strategies_R260000131-1,46859138,1770055791,
Herakles Defense,"['Python', 'Django', 'Qualcomm QRB5165', 'NPU', 'DSP', 'PX4', 'PropNav', 'ARM']",GLOBAL,,False,Senior,Backend,Defense,,46873054,1770135886,
Zigment,"['TS', 'JS', 'Python']",ONSITE,,False,Mid,Backend,AI,https://forms.gle/qSeJpsdaWEVJjDwv6,46858439,1770052463,
String,"['Python', 'Django']",ONSITE,190000.0,True,Senior,Backend,SaaS,https://string-ai.notion.site,46881674,1770181320,
Blackshark AI,"['Python', 'Fast API', 'PyTorch', 'Postgres', 'Redis', 'Vue.js']",GLOBAL,,True,Mid,Backend,AI,https://jobs.eu.lever.co/blackshark/6110fedd-5cd8-40e5-ac11-f32b287c1f9b,46869551,1770117856,
Adobe,"['AI', 'ML']",ONSITE,,False,Senior,Backend,SaaS,https://careers.adobe.com/us/en/job/ADOBUSR158280EXTERNALENUS/Sr--AI-Solution-Architect,46862400,1770069873,
Northstar Security,"['Python', 'AI', 'Agentic AI']",ONSITE,,False,Senior,Backend,Cybersecurity,mailto:alex@northstar.security,46864577,1770078991,
Juna AI,"['Python', 'Django', 'AI', 'Combinatorial optimization']",ONSITE,,False,Senior,Backend,Fintech,https://juna-ai.jobs.personio.de/job/1823357?language=en&display=en,46890337,1770232754,
Duckbill,"['React', 'Python', 'JavaScript', 'Python']",ONSITE,,False,Senior,Backend,Fintech,https://www.duckbillhq.com/careers/,46888712,1770226220,
Coram.ai,"['Python', 'Go', 'C++', 'AWS', 'Terraform', 'Postgres', 'React']",GLOBAL,175000.0,False,Senior,Backend,Fintech,https://jobs.ashbyhq.com/coram-ai,46860563,1770062349,
Topliner,"['Node.js', 'Laravel', 'React', 'TS', 'AI']",GLOBAL,80000.0,False,Senior,Backend,Fintech,https://topliner.app/careers,46885398,1770210584,
Tracebit,"['Python', 'Django', 'Riot Games', 'Synthesia', 'Zepz', 'Docker']",GLOBAL,,True,Senior,Backend,Security,https://tracebit.com/careers#section_open-positions,46899988,1770301722,
Moyai,"['TypeScript', 'Python']",ONSITE,,False,Senior,Backend,AI,https://www.linkedin.com/in/rhommes/,46869323,1770116040,
Gambit Robotics,"['Python', 'Django', 'AI', 'Computer Vision', 'Thermal Imaging', 'On-device AI']",ONSITE,,False,Senior,Backend,AI,https://www.gambitrobotics.ai/careers,46858035,1770050424,
Rely,"['Python', 'Django']",GLOBAL,,False,Mid,Backend,Fintech,https://tryrely.ai,46858706,1770053726,
Yuzu Health,"['Python', 'Django']",ONSITE,,False,Mid,Backend,Healthtech,mailto:kev@yuzu.health,46858190,1770051233,
Jurisphere.ai,"['Kubernetes', 'Terraform', 'ArgoCD', 'GCP', 'Azure', 'AWS', 'Prometheus', 'Grafana', 'Postgres', 'Redis', 'Temporal']",HYBRID,,False,Senior,DevOps,Legal AI,https://docs.google.com/document/d/1x2WKM0iXlvUVDZXm4SQVr53sPoJv9IVi0GisrHgVhP8/edit?usp=sharing,46867515,1770102148,
Rivet,"['Express', 'React', 'Postgres', 'TypeScript', 'AWS']",US_ONLY,,False,Mid,Fullstack,Fintech,https://rivet.app,46859985,1770059814,
BitRipple,"['C', 'C++', 'Rust']",GLOBAL,,False,Senior,Backend,Fintech,,46869643,1770118393,
Baton,"['Python', 'Django', 'Machine Learning']",GLOBAL,,False,Senior,Backend,Logistics,,46858372,1770052167,
Quidient,"['Python', 'Django', 'Swift', 'Metal', 'ARKit', 'CoreML']",GLOBAL,,False,Senior,"['Backend', 'Fullstack', 'Mobile']",Spatial AI,https://quidient.com/careers,46875351,1770144409,
Sesame,"['Python', 'Django', 'Meta', 'Google', 'Apple']",ONSITE,,False,Senior,Backend,AI,https://jobs.ashbyhq.com/sesame,46858342,1770052016,
Vidably,"['Python', 'Django']",ONSITE,,False,Senior,Backend,E-commerce,https://www.linkedin.com/jobs/view/4330646312,46858463,1770052603,
Greenline,"['Postgres', 'GraphQL', 'NextJS', 'TypeScript', 'Playwright', 'Jest']",US_ONLY,200000.0,False,Senior,Backend,Fintech,https://www.greenline.ai/careers,46857939,1770049844,
Curiosity,"['C#', 'Java', 'Python']",ONSITE,,False,Junior,Fullstack,AI,https://curiosity.ai,46884382,1770203396,
Float Technologies,"['Python', 'Django', 'AI']",ONSITE,180000.0,False,Senior,Backend,Fintech,https://www.float.tech/roles/ai-engineer,46865255,1770083393,
Forge Sports,"['Python', 'Go', 'Django']",GLOBAL,90000.0,False,Senior,Backend,Fintech,https://apply.workable.com/forge-sports/j/D0E957D2C7/,46871501,1770129490,
BuildForever,"['Python', 'Django']",ONSITE,,False,Mid,Backend,Consumer Software,https://ambiguous-thunder-400.notion.site/Backend-Engineer-2aace0c6618c801e998bfae016a7447e,46858562,1770053060,
Kyber,"['Rust', 'C', 'Assembly', 'Go']",GLOBAL,,False,Mid,Backend,Tech,mailto:jobs -- at -- kyber.media,46873883,1770139185,
Dusk Labs,['Rust'],US_ONLY,,False,Lead,Backend,Fintech,https://jobs.dusklabs.xyz/38548,46893914,1770250892,
Xledger,"['C#', 'SQL Server', 'Redis', 'Clojure', 'Postgres']",ONSITE,120000.0,False,Mid,Backend,ERP,https://xledger.com,46857868,1770049526,
Securikett,"['React', 'Java', 'AWS Lambda', 'CDK']",GLOBAL,,False,Senior,Backend,SaaS,https://www.securikett.com/,46857760,1770049120,
Aptira,"['Kubernetes', 'Kata Containers', 'Kyverno', 'Cilium', 'TopoLVM', 'Ceph', 'Python', 'Kafka', 'Postgres', 'Valkey', 'MongoDB', 'Grafana', 'Ansible', 'Helm', 'BitBucket']",GLOBAL,,False,Mid,DevOps,Consulting,careers@aptira.com,46907131,1770335407,
Redbook,"['Python', 'Django']",US_ONLY,225000.0,False,Staff,Backend,Fintech,https://app.dover.com/apply/redbook-software/fa6c1d33-5de6-4156-8bfc-8a4c04d58c7f,46859477,1770057215,
Mainstay,"['Python', 'TypeScript', 'React', 'AWS']",GLOBAL,,False,Senior,Backend,Fintech,https://www.mainstay.io/careers,46859446,1770057105,
Product incubator,"['Python', 'Django', 'Banking integration', 'Scheduling systems', 'Price monitoring']",US_ONLY,,False,Mid,Backend,Consulting,Email in profile,46876113,1770147504,
Tramcase,"['Python', 'TypeScript', 'Postgres', 'Kubernetes', 'GCP']",GLOBAL,,False,Senior,"['Backend', 'DevOps', 'ML/AI', 'Product']",SaaS,https://tramcase.na.teamtailor.com/jobs,46859024,1770055203,
Interledger Foundation,"['Python', 'Django', 'REST', 'GraphQL', 'gRPC', 'CI/CD', 'Monitoring', 'Observability']",GLOBAL,79800.0,False,Senior,Backend,Fintech,mailto:hr@interledger.org,46860117,1770060515,
Procore,['Ruby on Rails'],GLOBAL,,False,Senior,Backend,ConstructionTech,https://careers.procore.com,46865063,1770082113,
deepset,"['Python', 'Django', 'LLM', 'RAG/agent systems']",GLOBAL,,False,Mid,Backend,AI,https://www.deepset.ai/careers,46872979,1770135599,
ELDRICK.com,"['Python', 'Django', 'AI', 'ML', 'LLM', 'CapCut', 'Midjourney', 'Kling']",GLOBAL,200000.0,False,Senior,Backend,Golftech,hi@eldrick.golf,46862317,1770069593,
Sheer Health,"['Python', 'Django', 'React', 'Google Cloud Platform', 'Playwright']",ONSITE,170000.0,False,Mid,Backend,Healthtech,mailto:hn ~at~ sheerhealth.com,46859099,1770055598,
Twindo,"['Computer Vision', '3D Reconstruction', 'Photogrammetry', 'Geomatics', 'SLAM']",GLOBAL,,False,Mid,Backend,Spatial Computing,https://www.twindo.com/careers/,46903595,1770318399,
YakitOfisi,"['NET', 'ASP.NET', 'EF Core', 'Hangfire', 'PostgreSQL', 'Redis', 'Linux', 'Nginx', 'AWS', 'Grafana', 'Loki', 'Flutter', 'IoT', 'serial communication']",GLOBAL,,False,Senior,Backend,Fintech,https://docs.google.com/forms/d/e/1FAIpQLSdGsIKBVRaOS0yZu1RfCwqkkb5YWsmc56IbaHtR_i1yR09vEQ/viewform,46870688,1770125188,
Nova Credit,"['Node.js', 'React', 'TypeScript', 'Python', 'PostgreSQL', 'AWS']",US_ONLY,,False,Mid,Backend,Fintech,https://job-boards.greenhouse.io/novacredit,46857955,1770049995,
Knit Health,"['Python', 'Django', 'AI', 'ML']",US_ONLY,,False,Mid,Backend,Healthtech,mailto:aamar@knit.health?subject=HN job post,46864372,1770077677,
ClickHouse Inc,"['Go', 'Kubernetes', 'Distributed Systems', 'SQL', 'ClickHouse SQL', 'C++', 'ClickHouse']",GLOBAL,,False,Senior,Backend,Fintech,,46858029,1770050379,
Strata Core,"['Python', 'LangGraph', 'Vector DBs', 'Azure OpenAI']",GLOBAL,350000.0,False,Senior,Backend,Fintech,https://peerlist.io/company/stratacoreai/careers/founding-ai-architect-multiagent-systems/jobheog9kj7mg7qlacob7mrgq7oddq,46897836,1770285128,
Mason,"['Python', 'Django']",ONSITE,,False,Mid,Backend,Real Estate,mailto:michael@thisismason.com,46861494,1770066133,
CloudX,"['Python', 'Django', 'Nitro Enclaves', 'AI', 'React']",GLOBAL,,False,Senior,"['Backend', 'Fullstack']",Fintech,https://jobs.gem.com/cloudx/am9icG9zdDogum5THF3fORqb1eEupFQx,46893972,1770251297,
Wildflower Health,"['Kubernetes', 'Node.js', 'Mongo', 'React Native', 'AI']",US_ONLY,,False,Junior,Backend,Healthtech,https://www.wildflowerhealth.com/,46859048,1770055347,
Hermes Health,"['Rust', 'Rocket', 'TS', 'React', 'Next', 'maud', 'Datastar', 'HTMX']",ONSITE,,False,Mid,Backend,Healthtech,mailto:adler@hermeshealth.com,46858834,1770054339,
Language Reactor,"['React', 'TypeScript']",GLOBAL,,False,Mid,Fullstack,EdTech,mailto:dioco@dioco.io,46881503,1770179751,
Charityvest,"['TypeScript', 'Postgres', 'React', 'Next.js']",GLOBAL,,False,Senior,Backend,Fintech,mailto:edmundo+hn@charityvest.org,46858486,1770052738,
Smarkets,"['Python', 'Rust']",ONSITE,,False,Senior,Backend,Fintech,https://smarkets.com/job/aaaf901f-77c0-4b35-9240-ed4cfa668ba9/,46871569,1770129851,
Avantos.ai,"['React', 'Postgres', 'Golang', 'Elysia/Node', 'AWS', 'Terraform']",US_ONLY,150000.0,False,Senior,Backend,Fintech,https://avantos.breezy.hr/p/4a707ef4f952-senior-software-engineer-ai-team,46860342,1770061521,
Socket,"['Python', 'Django']",US_ONLY,,False,Staff,Backend,Security,https://jobs.ashbyhq.com/socket/c1625d37-2c92-4455-8d3a-5ed3cefe3410,46864488,1770078441,
E2B,"['Platform', 'Security', 'Distributed Systems', 'DevRel']",GLOBAL,,False,Senior,Backend,Fintech,mailto:vasek@e2b.dev,46858726,1770053795,
ArtCraft,"['Rust', 'Bevy']",GLOBAL,,False,Mid,Fullstack,Media,https://github.com/storytold/artcraft,46858708,1770053741,
FusionAuth,['Java'],US_ONLY,160000.0,False,Senior,Backend,Fintech,,46858674,1770053550,
Emergent AI,"['Python', 'Django', 'LLM', 'Agent Orchestration']",GLOBAL,,False,Senior,Backend,AI,https://job-boards.greenhouse.io/emergentlabsinc/jobs/4108047009,46867159,1770099013,
SuperEgo Health,"['Flutter', 'React Native']",GLOBAL,,False,Junior,Mobile,Healthtech,,46891963,1770240017,
VLM Run,"['Python', 'Django', 'AI/ML']",ONSITE,175000.0,False,Senior,Backend,AI/ML,https://app.dover.com/apply/VLM%20Run/8d4fa3b1-5b38-42e1-9271-88ebb50e6f5b,46861176,1770064757,
AppFolio,"['Ruby on Rails', 'TypeScript', 'JavaScript', 'React']",GLOBAL,,False,Staff,Backend,Fintech,https://www.appfolio.com/open-roles?p=job/olWAxfw8,46874179,1770140277,
HelloData,"['Node.js', 'TypeScript', 'Vue 3', 'PostgreSQL', 'GCP', 'Python', 'PyTorch']",US_ONLY,187500.0,False,Senior,Fullstack,Fintech,https://www.hellodata.ai,46859688,1770058353,
Grey Rhino,"['Python', 'Django']",US_ONLY,,False,Lead,Backend,Fintech,https://wellfound.com/l/2C27E8,46894224,1770253028,
Featurebase,"['NextJS', 'Typescript', 'Node.js', 'MongoDB', 'Redis']",EU_ONLY,,False,Mid,Fullstack,SaaS,https://go.featurebase.app/careers,46859342,1770056672,
Stack Influence,"['React', 'Node.js', 'Next.js']",GLOBAL,175000.0,False,Senior,Backend,Ecommerce,https://stack-influence.breezy.hr/,46859670,1770058247,
Chestnut,"['Go', 'TypeScript', 'React', 'Postgres', 'Temporal', 'Kubernetes', 'AWS', 'LLM tooling']",HYBRID,,False,Senior,Backend,Fintech,https://jobs.ashbyhq.com/Chestnut,46859445,1770057099,
Notable Health,"['Python', 'Django', 'AI']",GLOBAL,,False,Staff,Backend,Healthtech,https://jobs.ashbyhq.com/notable,46863837,1770075224,
Piq Energy,"['Typescript', 'Svelte', 'GraphQL', 'Mapbox', 'D3.js', 'Python', 'LLM agents', 'Postgres', 'workflow orchestration']",GLOBAL,200000.0,False,Senior,Fullstack,EnergyTech,https://jobs.gem.com/piqenergy/am9icG9zdDp5j21vRWEpgIUq005H6m4t,46857982,1770050172,
Rasm Labs,"['Angular', 'TypeScript', 'NestJS', 'PostgreSQL', 'AWS', 'ECS', 'EKS', 'Lambda', 'RDS', 'S3', 'Docker', 'Terraform']",GLOBAL,,False,Senior,Backend,SaaS,mailto:jobs@rasmlabs.com,46870506,1770123990,
Range Finance,"['Claude', 'Node.js', 'GraphQL', 'React', 'TypeScript', 'AWS']",GLOBAL,150000.0,False,Senior,Backend,Fintech,https://www.range.com/public/careers,46860077,1770060324,
Zoox,"['Python', 'Django', 'deck.gl']",HYBRID,,False,Mid,Backend,Autonomous Vehicles,https://jobs.lever.co/zoox/d4a324c6-8186-435f-a102-1ac7a69abe1e,46858393,1770052263,
EnigmoFi,"['AWS', 'GCP', 'Azure', 'Infrastructure as Code', 'CI/CD pipeline management', 'Security best practices']",GLOBAL,192000.0,False,Senior,DevOps,Crypto,mailto:bayonleafolabi@enigmofi.com,46885343,1770210200,
DoShare Labs,"['Python', 'Go', 'Kubernetes', 'GCP', 'AWS', 'Azure', 'Cloudflare']",GLOBAL,,False,Mid,Backend,SaaS,careers@doshare.me,46865353,1770083907,
Station A,"['Python', 'Django']",US_ONLY,,False,Staff,Backend,Clean Energy,https://apply.workable.com/j/2E97BD0B53?utm_source=hn0226&utm_medium=social,46857666,1770048708,
JigsawStack,"['Python', 'Django', 'OCR', 'Web Scraping', 'Classification', 'Data Extraction']",GLOBAL,,False,Senior,Backend,AI,https://yoeven.notion.site/founding-gtm,46996070,1770934688,
x2A,"['Python', 'TypeScript', 'Swift', 'Rust', 'C++', 'SQLAlchemy', 'PostgreSQL', 'Litestar', 'Svelte', 'Tailwind', 'AWS', 'AWS CDK', 'Gitlab']",ONSITE,115000.0,False,Mid,Backend,Gaming,https://x2a.tech/careers/openings/,46917479,1770408315,
Instinct Science,"['Elixir', 'React', 'AWS', 'GraphQL']",GLOBAL,,False,Senior,Fullstack,SaaS,https://instinctscience.applytojob.com/apply/1H156iuuzg/Senior-FullStack-Engineer,46902722,1770315204,
Waypoint AI,"['Django', 'Django Ninja', 'Postgres', 'Dramatiq', 'React', 'Next.js', 'TypeScript', 'Tailwind']",GLOBAL,,False,Senior,Backend,Fintech,https://mywaypoint.ai/open-positions/senior-backend-engineer-ai-systems,46858533,1770052940,
MapTiler,"['WebGPU', 'JavaScript', 'TypeScript', 'GPU shaders', 'Vulkan', 'Metal']",EU_ONLY,,False,Mid,Backend,Fintech,https://www.maptiler.com/jobs/,46870271,1770122296,
PolarSky,"['Golang', 'Python']",ONSITE,,False,Senior,Backend,Cybersecurity,mailto:jobs@polarsky.ai,46859992,1770059873,
Baseten Labs,"['Python', 'Django']",GLOBAL,,True,Senior,Backend,AI,https://jobs.ashbyhq.com/baseten?utm_source=gkzEP29VD4,46857991,1770050205,
Dashdoc,"['Python', 'Django']",GLOBAL,,False,Lead,Backend,Transportation,https://www.dashdoc.com/,46858321,1770051914,
PDM Automotive,[],US_ONLY,132500.0,False,Mid,Product,Automotive,https://jobs.gusto.com/postings/pdm-automotive-product-manager-12dcab04-35b3-4f50-9efc-3e99ae4879fa,46906781,1770333217,
Runway,"['Python', 'Django', 'ML']",GLOBAL,,False,Mid,Backend,AI,https://grnh.se/iey0qx9m5us,46877126,1770151965,
Fluidstack,"['Python', 'Django', 'Networking', 'Infra', 'TPM', 'PM']",GLOBAL,,False,Senior,Backend,AI Infrastructure,https://careers.fluidstack.io/jobs,46858889,1770054621,
Sequent Tech,"['Rust', 'TypeScript', 'React', 'WebAssembly', 'GraphQL', 'PostgreSQL', 'Kubernetes', 'Keycloak', 'ImmuDB']",GLOBAL,,False,Senior,Backend,Crypto,mailto:team@sequentech.io,46873950,1770139479,
Upway,"['TypeScript', 'NestJS', 'React', 'Shopify', 'PostgreSQL', 'GCP']",GLOBAL,,False,Mid,Backend,E-commerce,,46873988,1770139599,
The Museum of Modern Art,"['Ruby on Rails', 'Tailwind CSS', 'Stimulus']",ONSITE,150000.0,False,Senior,Frontend,Arts,mailto:rik_vanmechelen@moma.org,46858223,1770051398,
Freeform,"['Python', 'Django', 'AI', 'GPUs', 'FPGAs']",ONSITE,,False,Senior,Backend,Manufacturing,,46877706,1770154883,
Crimson,"['Python', 'Django']",ONSITE,120000.0,False,Senior,Backend,Lawtech,https://www.crimson.law/careers/founding-engineer,46860492,1770062088,
Comulate,"['TypeScript', 'Postgres', 'React', 'GraphQL', 'Next.js']",ONSITE,,False,Senior,Fullstack,Insurance,https://about.comulate.com/careers,46881344,1770178077,
ActorDo,"['AI', 'Email', 'Calendar', 'Tasks', 'Context']",UNKNOWN,,False,Mid,Product,AI,https://actordo.com,46862071,1770068683,
Bookwhen,"['Ruby', 'Rails']",GLOBAL,,False,Senior,Fullstack,SaaS,https://apply.workable.com/bookwhen/j/85D90170FD/,46860239,1770061027,
Flotive AI,"['Python', 'Django']",ONSITE,150000.0,False,Senior,Backend,Energy,https://flotive.notion.site/founding-software-engineer,46861945,1770068171,
Updater,"['AWS', 'Kubernetes', 'Terraform', 'GitOps', 'Datadog', 'CI/CD automation']",US_ONLY,200000.0,False,Senior,Backend,Fintech,,46857641,1770048602,
Regard,"['Python', 'ts', 'k8s', 'AWS', 'postgres']",GLOBAL,,False,Senior,Backend,Healthtech,mailto:justin.davis+hn2602@regard.com,46858311,1770051875,
IntusCare,"['Node.js', 'React', 'TypeScript']",GLOBAL,170000.0,False,Senior,Fullstack,Healthtech,https://intuscare.com,46857862,1770049515,
CrazyGames,"['WebGPU', 'WebAssembly']",EU_ONLY,,False,Mid,Fullstack,Gaming,https://crazygames.recruitee.com/o/remote-product-engineer-3,46868084,1770106587,
CESMII,"['Python', 'Django']",US_ONLY,,False,Mid,Backend,Smart Manufacturing,https://jobs.ucla.edu/jobs/9562,46858341,1770052015,
Viam,"['Go', 'MongoDB', 'Linux', 'GCP']",HYBRID,,False,Senior,Backend,Robotics,https://grnh.se/p755pzqr4us,46860888,1770063644,
Stealth,"['Python', 'Django']",GLOBAL,50000.0,False,Mid,Backend,AI,mailto:gcyiuqy1@gmail.com,46858707,1770053727,
Electric Twin,"['Python', 'Django']",HYBRID,,False,Mid,Backend,SaaS,https://app.welcometothejungle.com/companies/Electric-Twin,46858086,1770050675,
Purple Candor LLC,"['Python', 'AI']",US_ONLY,,False,Mid,Backend,AI,mailto:jeremy@purplecandor.com,46889224,1770228180,
Chroma,"['Rust', 'Python', 'TypeScript', 'Go']",ONSITE,,False,Mid,Backend,AI,https://www.trychroma.com/careers,46859375,1770056821,
,[],,,,,,,,46865885,1770087641,"[{'company': 'EnergyHub', 'tech_stack': ['Python', 'Django'], 'remote_type': 'GLOBAL', 'salary_year_usd': 225000, 'visa_sponsorship': False, 'experience_level': 'Senior', 'job_role': 'Backend', 'company_industry': 'Energy', 'application_url': 'https://grnh.se/4eq0bxsv2us'}, {'company': 'EnergyHub', 'tech_stack': ['Python', 'Django'], 'remote_type': 'GLOBAL', 'salary_year_usd': 195000, 'visa_sponsorship': False, 'experience_level': 'Senior', 'job_role': 'Backend', 'company_industry': 'Energy', 'application_url': 'https://grnh.se/jtfoq9qr2us'}, {'company': 'EnergyHub', 'tech_stack': ['Python', 'Django'], 'remote_type': 'GLOBAL', 'salary_year_usd': 170000, 'visa_sponsorship': False, 'experience_level': 'Senior', 'job_role': 'Backend', 'company_industry': 'Energy', 'application_url': 'https://grnh.se/rf88lxfk2us'}]"
Tangible Materials,"['Ruby on Rails', 'React', 'TypeScript', 'Postgres']",GLOBAL,,False,Senior,Backend,Constructiontech,https://careers.tangiblematerials.com/,46858392,1770052262,
Kairos Research,"['Python', 'Django']",ONSITE,,False,Senior,Backend,Fintech,mailto:draftpicks@kairos-research.ai,46859859,1770059145,
daydream,"['Python', 'LLMs', 'retrieval systems', 'applied ML', 'Django']",ONSITE,,False,Senior,Backend,AI-native growth marketing,,46877031,1770151586,
Knowlix,"['AI', 'Python']",ONSITE,,False,Senior,Backend,AI,https://jobs.ashbyhq.com/knowlix,46877445,1770153579,
Microsoft,"['Networking', 'High Performance Computing', 'GPU', 'Interconnects', 'NvLink', 'Infiniband']",ONSITE,,False,Senior,Backend,Tech,,46903459,1770317914,
Foxglove,"['Viz', 'WebGL', 'WASM', 'Rust', 'SE', 'FDE']",GLOBAL,,False,Mid,Backend,Robotics & Physical AI,https://foxglove.dev/careers,46858652,1770053440,
Hudl,"['Python', 'video analysis', 'MLOps', 'engineering']",GLOBAL,,False,Mid,Backend,Sports technology,https://www.hudl.com/jobs,46860592,1770062432,
Vitalize,"['Effect', 'TypeScript', 'Planetscale', 'Drizzle', 'Bun']",ONSITE,,False,Mid,Fullstack,Healthtech,https://jobs.ashbyhq.com/vitalize,46880747,1770172708,
Virio.ai,"['Python', 'Django']",ONSITE,375000.0,False,Senior,Backend,SaaS,mailto:andrew@virio.ai,46906102,1770329424,
HockeyStack,"['Python', 'Django']",GLOBAL,,False,Mid,Backend,,https://www.hockeystack.com/engineering,46955223,1770696173,
Enthought,['Python'],UNKNOWN,,False,Mid,Backend,Fintech,www.enthought.com/careers,46859499,1770057341,
Mesa,"['Python', 'Django']",ONSITE,180000.0,False,Senior,Backend,AI,https://mesa.dev/,46860157,1770060704,
40GRID,[],GLOBAL,,False,Mid,Product,SaaS,mailto:jobs@40grid.com,46875895,1770146563,
Return,"['Go', 'Golang']",GLOBAL,,False,Senior,Backend,Energy,https://return.energy,46859027,1770055214,
xdof,"['Python', 'Django', 'Robotics']",GLOBAL,,False,Senior,Backend,Robotics,https://jobs.ashbyhq.com/xdof/,46860041,1770060145,
Xolvio,['Flutter'],GLOBAL,,False,Senior,Mobile,Media,https://www.linkedin.com/in/kevin@xolvio.com,46859816,1770058947,
Nesting Navigator,"['React', 'Next.js', 'LLM', 'mobile-first', 'API aggregation']",GLOBAL,,False,Mid,Fullstack,Fintech,mailto:jed@nestingnavigator.com,46859274,1770056392,
Eventfirst,"['Typescript', 'React', 'Next.js', 'Tailwind', 'Drizzle', 'Neon', 'Vercel']",GLOBAL,,False,Senior,Fullstack,Fintech,https://eventfirst.jobs.personio.com/job/1646275,46869101,1770114013,
Microsoft,[],ONSITE,,False,Senior,Technical,Healthtech,https://apply.careers.microsoft.com/careers/job/1970393556746624,46871481,1770129372,
Okta,"['Python', 'Django']",GLOBAL,,False,Senior,Backend,Security,https://www.okta.com/company/careers/marketing/senior-developer-content-advocate-7558508/,46858476,1770052699,
control-f,"['PySpark', 'Databricks']",EU_ONLY,,False,Mid,Data,Industrie,https://www.controlf.io/jobs-1/data-engineer-(m/w/),46911053,1770372574,
OpenSanctions,"['Python', 'JavaScript', 'Docker']",GLOBAL,70000.0,False,Mid,Backend,Fintech,https://www.opensanctions.org/,46857501,1770048125,
Cosuno,"['TypeScript', 'React', 'Node.js', 'Cypress', 'Kubernetes', 'AWS']",GLOBAL,,False,Senior,Fullstack,Fintech,https://www.cosuno.com,46870264,1770122233,
VDX.tv,"['Unix', 'C', 'Concurrency', 'Distributed Computing', 'Java']",GLOBAL,,False,Senior,Backend,Unknown,,46860500,1770062115,
Prompt Health,"['PHP', 'Laravel', 'Vue.js', 'MySQL', 'AWS', 'Kubernetes', 'Terraform', 'CI/CD', 'Datadog']",US_ONLY,212500.0,False,Senior,"['Backend', 'Fullstack', 'DevOps']",Healthtech,,46889635,1770229834,
Argyu.fun,[],UNKNOWN,,False,Mid,Other,,https://argyu.fun,46860754,1770063064,
comparis.ch,"['Azure', 'Kubernetes', 'Terraform', 'GitHub Actions', 'cloud networking', 'Prometheus', 'Grafana', 'Argo CD']",GLOBAL,,False,Senior,Backend,Fintech,https://www.comparis.ch/people/jobs/detail/2452733,46861332,1770065438,
Clutch,"['React Native', 'PostgreSQL', 'Amazon lambdas', 'Amazon s3']",GLOBAL,75000.0,False,Mid,Backend,Fintech,https://wellfound.com/l/2C12ko,46858467,1770052633,
thelab,"['TypeScript', 'Python', 'Django', 'Node.js', 'Docker', 'Kubernetes', 'AWS', 'Terraform']",HYBRID,164000.0,False,Senior,Backend,Digital Agency,https://thelabnyc.bamboohr.com/careers/189?source=aWQ9Mjk%3D,46860113,1770060494,
Spacelift,"['Go', 'AWS', 'Terraform', 'Pulumi', 'Ansible', 'Kubernetes']",EU_ONLY,90000.0,False,Senior,Backend,Fintech,https://careers.spacelift.io/jobs/3006934-software-engineer-remote-eur,46858570,1770053090,
Synaps,"['Python', 'LLMs', 'GCP']",GLOBAL,700000.0,False,Senior,Backend,E-commerce,mailto:tech[at]gosynaps.com,46860300,1770061304,
MiLaboratories,"['TypeScript', 'Rust']",ONSITE,,True,Senior,Backend,Healthtech,,46862621,1770070614,
yeet,"['Rust', 'Linux', 'Distributed Systems', 'Dev Tools', 'Systems programming']",GLOBAL,,False,Senior,Backend,Linux,https://yeet.cx/,46858522,1770052864,
Plutus,"['Node.js', 'TypeScript', 'React', 'PostgreSQL', 'Redis', 'Terraform', 'Docker']",ONSITE,,False,Senior,Backend,Fintech,,46863917,1770075566,
GOAT Group,"['Go', 'DynamoDB', 'Redis', 'Rails', 'Postgres']",GLOBAL,,False,Mid,Backend,E-commerce,https://job-boards.greenhouse.io/goatgroup/jobs/4623586005,46859130,1770055742,
Journee,"['TypeScript', 'React', 'Python', 'PostgreSQL', 'WebRTC', 'AWS', 'Unreal Engine']",GLOBAL,,False,Senior,Backend,Fintech,https://job-boards.eu.greenhouse.io/journee,46858071,1770050613,
ChainSecurity,"['Blockchain', 'Python']",HYBRID/REMOTE,,True,Senior,Backend,Cybersecurity,https://chainsecurity.com/,46869122,1770114173,
Mozilla,"['Python', 'Django', 'LangChain', 'Playwright', 'LLM']",US_ONLY,,False,Senior,Backend,Fintech,https://tabstack.ai,46858367,1770052148,
OpenRent,"['Python', 'Django']",PART_REMOTE,,False,Senior,Backend,Fintech,https://www.openrent.co.uk,46858133,1770050948,
SalesJack,"['React', 'Next.js', 'Node.js', 'Java Spring Boot']",GLOBAL,,False,Mid,Fullstack,SaaS,,46859590,1770057801,
ASBL,"['React', 'Angular', 'TypeScript', 'Node.js', 'Postgres', 'Redis', 'Docker', 'GitHub Actions', 'AWS', 'GCP', 'OpenTelemetry']",ONSITE,,False,Senior,Backend,Real Estate,https://asbl.in/careers/software-engineering,46857739,1770049007,
N26,['Java'],GLOBAL,,False,Senior,Backend,Fintech,https://www.n26.com,46867733,1770103858,
iPify,['Python'],EU_ONLY,,False,Senior,Backend,Legal Tech,https://ipify.notion.site/Senior-Python-Developer-37de517efa9d4ec793f5a2b4f4d753da,46858879,1770054563,
AREO,['Ruby on Rails'],EU_ONLY,,False,Senior,Backend,SaaS,https://goareo.com/,46861246,1770065055,
Wayward,"['Python', 'Django']",ONSITE,,False,Mid,Backend,SaaS,mailto:jesse@wayward.com,46859629,1770057988,
MixMode.ai,"['Python', 'Django']",GLOBAL,,False,Senior,Backend,,https://job-boards.greenhouse.io/mixmode/jobs/5011774007,46861819,1770067594,
Arbolus,"['NET', 'React']",GLOBAL,,True,Senior,Fullstack,Fintech,https://careers.arbolus.com/jobs/7139985-senior-software-engineer,46861088,1770064400,
Coreflow,"['Python', 'Django']",ONSITE,,False,Senior,Backend,Entertainment,https://jobs.ashbyhq.com/coreflow,46896484,1770273840,
New Quest,"['Python', 'Django']",ONSITE,200000.0,False,Senior,Backend,Consumer AI,mailto:founders@newquest.ai,46905925,1770328448,
Powertools Technologies,"['Python', 'Cadence Virtuoso', 'Siemens Calibre', 'Synopsys Design Compiler']",ONSITE,,False,Junior,Backend,Electronics,https://www.powertools-tech.com,46857514,1770048162,
Focused.io,"['Python', 'OTel', 'o11y']",ONSITE,,False,Mid,Backend,,https://focused.io/careers,46857774,1770049173,
Evercred,"['Python', 'Django', 'ML', 'AI']",US_ONLY,240000.0,False,Senior,Backend,Healthtech,,46873079,1770135966,
Parallel Web Systems,"['Python', 'Django', 'AI']",ONSITE,,False,Mid,Backend,AI,https://jobs.ashbyhq.com/parallel,46859202,1770056062,
xAI,"['Rust', 'C++', 'Python', 'TypeScript', 'React']",ONSITE,,False,Mid,Backend,AI,https://job-boards.greenhouse.io/xai,46888591,1770225640,
Kensho Technologies,"['Python', 'Django', 'Machine Learning', 'Natural Language Processing', 'Data Discovery']",GLOBAL,,False,Senior,Backend,Fintech,https://www.kensho.com/careers,46858869,1770054538,
Runable,"['Python', 'Django']",GLOBAL,60000.0,False,Senior,Backend,AI Suite,https://runable.com,46868088,1770106604,
SpruceID,"['Python', 'Django']",GLOBAL,,False,Junior,Backend,Fintech,,46869263,1770115468,
Lift AI,"['Django', 'PostgreSQL', 'React', 'TypeScript']",EU_ONLY,90000.0,False,Senior,Backend,Fintech,,46966099,1770754246,
Bliro.io,['App'],ONSITE,,False,Senior,Mobile,SaaS,,46863884,1770075422,
Co-Founders,['Python'],GLOBAL,,False,Mid,Backend,AI,contact@camerasearch.ai,46858410,1770052351,
Neon Health,"['Python', 'Django']",GLOBAL,170000.0,False,Senior,Backend,Healthtech,https://neonhealth.com/,46857825,1770049372,
Cogram,"['Python', 'FastAPI', 'Postgres', 'Redis', 'React', 'TypeScript', 'React Native', 'Expo', 'Terraform', 'Kubernetes', 'AWS', 'Azure']",GLOBAL,,False,Mid,Backend,Fintech,https://cogram.com,46859392,1770056882,
OptTek Systems,"['Python', 'Django', 'AI', 'ML', 'Simulation', 'Analytical applications']",ONSITE,,False,Senior,Backend,Defense,,46857892,1770049647,
Parabola Labs,"['Python', 'Django']",ONSITE,,False,Senior,Backend,Fintech,,46857548,1770048295,
Elsewhere,"['TypeScript', 'React']",GLOBAL,,False,Mid,Fullstack,Gaming,info@elsewhere.zone,46864481,1770078378,
Spiich Labs,"['TypeScript', 'Node.js', 'React', 'PostgreSQL', 'graph databases']",ONSITE,,True,Mid,Fullstack,SaaS,hello@spiich.ai,46857490,1770048096,
Fullstory,"['Java', 'Rust', 'Kotlin', 'Compose Multiplatform', 'Objective-C', 'Swift', 'SwiftUI']",US_ONLY,160000.0,False,Senior,Backend,Fintech,https://www.fullstory.com/careers/jobs/3be8b5f8-b05c-4221-b9d0-ffaaa5e3e338?ashby_jid=3be8b5f8-b05c-4221-b9d0-ffaaa5e3e338&utm_source=092xpqyAkV,46965643,1770752423,
Mem0.ai,['Python'],GLOBAL,,False,Mid,Backend,,https://mem0ai.notion.site/2edf22c70c9080f7b366d6481e2a8869?pvs=105,46859924,1770059472,
Temporal Technologies,"['Go', 'Docker', 'Kubernetes']",GLOBAL,,False,Senior,Backend,Fintech,https://www.temporal.io/careers,46857609,1770048497,
Connie Health,"['TypeScript', 'NestJS', 'Vue', 'Nuxt', 'Postgres', 'AWS', 'Docker', 'Kubernetes', 'Datadog']",ONSITE,130000.0,False,Senior,Backend,Healthtech,https://www.conniehealth.com,46871062,1770127213,
Artificial Analysis,"['Python', 'Django', 'AI', 'ML']",GLOBAL,,False,Senior,Backend,AI,https://artificialanalysis.ai,46867336,1770100638,
Cleric,"['Python', 'Go', 'LLMs', 'Kubernetes']",GLOBAL,,False,Staff,Backend,AI,https://cleric.ai,46859424,1770057024,
,[],UNKNOWN,,False,Mid,Other,,,46864676,1770079639,
MixRank,"['Python', 'Rust', 'SQL', 'JavaScript']",GLOBAL,,False,Mid,Backend,Data,,46858667,1770053525,
Hike Medical,"['Python', 'Django', 'AI', '3D-printing']",ONSITE,,False,Senior,Backend,Healthtech,,46862595,1770070517,
,"['Python', 'Django']",GLOBAL,,False,Mid,Backend,Web Development,,46858794,1770054148,
,"['Python', 'Django']",GLOBAL,,False,Mid,Backend,SaaS,,46911216,1770373945,
,[],UNKNOWN,,False,Mid,Other,,,46859442,1770057093,
America First Policy Institute,"['Python', 'Django']",US_ONLY,,False,Mid,Backend,Public Policy,https://www.americafirstpolicy.com/careers,46863148,1770072433,
Norm Ai,"['Python', 'Django']",GLOBAL,,False,Senior,Backend,LegalTech,,46861359,1770065535,
,[],UNKNOWN,,False,Senior,Other,,,46860668,1770062701,
